Player,Nation,MP,Starts,Min,90s,Gls,Ast,G-PK,PK,PKatt,CrdY,CrdR,StatsID
Brenden Aaronson,us USA,5,2,197,2.2,0,0,0,0,0,0,0,5bc43860
Tammy Abraham,eng ENG,4,0,74,0.8,0,0,0,0,0,0,0,f586779e
Tyler Adams,us USA,5,3,281,3.1,0,0,0,0,0,0,0,2b09d998
Tosin Adarabioyo,eng ENG,1,0,6,0.1,0,0,0,0,0,0,0,c81d773d
David Affengruber,at AUT,2,2,180,2.0,0,0,0,0,0,0,0,4b00cd47
Honest Ahanor,it ITA,1,1,90,1.0,0,0,0,0,0,0,0,42ff58c3
Ola Aina,ng NGA,4,4,306,3.4,0,0,0,0,0,2,0,246d153b
Semi Ajayi,ng NGA,5,5,423,4.7,1,0,1,0,0,1,0,d6192210
Kristoffer Ajer,no NOR,5,5,450,5.0,0,0,0,0,0,1,0,a8c0acb7
Chuba Akpom,eng ENG,3,0,80,0.9,1,0,1,0,0,0,0,e2b384d2
Carlos Alcaraz,ar ARG,2,0,6,0.1,0,0,0,0,0,1,0,4abac767
Omar Alderete,py PAR,1,0,24,0.3,0,0,0,0,0,0,0,bb08bce9
Mohamed Ali Cho,fr FRA,4,0,76,0.8,1,0,1,0,0,0,0,f8405304
Alisson,br BRA,5,5,450,5.0,0,0,0,0,0,1,0,7a2e46a8
Aurèle Amenda,ch SUI,4,4,360,4.0,0,0,0,0,0,1,0,1227a22d
Ethan Ampadu,wls WAL,5,5,450,5.0,0,0,0,0,0,0,0,10b9fa99
Joachim Andersen,dk DEN,3,2,191,2.1,0,0,0,0,0,1,0,e34fc66d
Elliot Anderson,eng ENG,5,5,413,4.6,0,0,0,0,0,1,0,de31038e
Nilson Angulo,ec ECU,5,5,313,3.5,1,1,1,0,0,1,0,a9b9d89c
Jaidon Anthony,eng ENG,5,3,268,3.0,1,0,1,0,0,1,0,e4238fb1
Ronald Araújo,uy URU,5,3,286,3.2,0,0,0,0,0,1,0,2bef2bca
Harrison Armstrong,eng ENG,5,5,445,4.9,0,1,0,0,0,2,0,de59e609
Taiwo Awoniyi,ng NGA,4,3,233,2.6,0,0,0,0,0,0,1,e5478b87
Yasin Ayari,se SWE,4,4,333,3.7,1,0,1,0,0,1,0,f173303a
Daniel Ballard,nir NIR,5,5,450,5.0,0,0,0,0,0,2,0,38f300f3
Valentín Barco,ar ARG,3,1,117,1.3,0,0,0,0,0,1,0,b9f282ec
Bradley Barcola,fr FRA,3,2,169,1.9,0,0,0,0,0,0,0,a0d55a09
Melvin Bard,fr FRA,1,0,19,0.2,0,0,0,0,0,0,0,1ddbc7ca
Ross Barkley,eng ENG,5,4,309,3.4,0,0,0,0,0,0,0,3a24769f
Harvey Barnes,eng ENG,5,5,449,5.0,1,2,1,0,0,0,0,3ea50f67
Thierno Barry,fr FRA,5,5,417,4.6,2,0,2,0,0,0,0,52c3244b
Calvin Bassey,ng NGA,5,5,450,5.0,0,0,0,0,0,1,0,a36524bf
Walter Benítez,ar ARG,2,2,180,2.0,0,0,0,0,0,0,0,8a2248b4
Rodrigo Bentancur,uy URU,5,4,370,4.1,0,0,0,0,0,0,0,3b8674e6
Sander Berge,no NOR,5,4,350,3.9,0,0,0,0,0,0,0,d0b6129f
Lucas Bergvall,se SWE,3,1,80,0.9,0,0,0,0,0,0,0,a109e5c8
Jaka Bijol,si SVN,3,2,165,1.8,0,0,0,0,0,0,0,6fdac234
Marco Bizot,nl NED,1,1,90,1.0,0,0,0,0,0,0,0,3d214e5f
Oscar Bobb,no NOR,5,5,343,3.8,0,0,0,0,0,0,0,eed2427e
Lamare Bogarde,nl NED,1,0,17,0.2,0,0,0,0,0,0,0,bca5c4a7
Jayden Bogle,eng ENG,5,5,366,4.1,2,0,2,0,0,2,0,ae5019e6
Olivier Boscagli,fr FRA,5,5,436,4.8,0,0,0,0,0,1,0,403f5d20
Sven Botman,nl NED,5,5,450,5.0,0,0,0,0,0,1,0,ccce7025
Ayyoub Bouaddi,ma MAR,2,0,24,0.3,0,0,0,0,0,0,0,8006228f
Jarrad Branthwaite,eng ENG,5,5,450,5.0,0,0,0,0,0,0,0,c1949191
Brian Brobbey,nl NED,5,5,400,4.4,3,0,3,0,0,1,0,4c184730
David Brooks,wls WAL,4,0,49,0.5,0,0,0,0,0,1,0,dc4cae05
Emi Buendía,ar ARG,5,5,401,4.5,1,0,1,0,0,0,0,66b76d44
Moisés Caicedo,ec ECU,1,0,14,0.2,0,0,0,0,0,0,0,16264a81
Riccardo Calafiori,it ITA,5,5,417,4.6,0,2,0,0,0,0,0,aded8e6f
Dominic Calvert-Lewin,eng ENG,5,5,419,4.7,2,1,2,0,0,3,0,59e6e5bf
Jaydee Canvot,fr FRA,4,4,360,4.0,0,0,0,0,0,0,0,3684108d
Fabio Carvalho,pt POR,1,0,4,0.0,1,0,1,0,0,0,0,966e28d0
Matty Cash,pl POL,4,3,296,3.3,0,0,0,0,0,2,0,2389cdc2
Timothy Castagne,be BEL,5,5,408,4.5,0,1,0,0,0,2,0,197640fd
Shea Charles,nir NIR,5,3,305,3.4,0,0,0,0,0,0,0,5cc3ce65
Pep Chavarría,es ESP,5,1,211,2.3,0,0,0,0,0,0,0,63c5e56b
Sidiki Cherif,fr FRA,1,0,31,0.3,0,0,0,0,0,0,0,78430598
Rayan Cherki,fr FRA,5,4,303,3.4,3,2,3,0,0,1,0,b34c63a5
Ben Chilwell,eng ENG,2,0,31,0.3,1,0,1,0,0,0,0,d2424d1b
Ryan Christie,sct SCO,4,1,104,1.2,0,0,0,0,0,0,0,26ce2263
Jack Clarke,eng ENG,4,2,172,1.9,1,0,1,0,0,1,0,e16932d8
Nathan Collins,ie IRL,3,3,196,2.2,0,0,0,0,0,1,0,a8c19eb8
Levi Colwill,eng ENG,4,4,341,3.8,0,0,0,0,0,1,0,700783e7
Lewis Cook,eng ENG,5,2,182,2.0,0,0,0,0,0,1,0,2afc7272
Costinha,pt POR,5,0,73,0.8,0,0,0,0,0,1,0,80bc5e71
Lewie Coyle,eng ENG,5,5,348,3.9,0,0,0,0,0,1,0,97aba136
Matt Crooks,eng ENG,3,3,203,2.3,0,0,0,0,0,3,0,43f5d4e6
Jorge Cuenca,es ESP,1,1,90,1.0,0,0,0,0,0,0,0,0abc51f2
Matheus Cunha,br BRA,5,5,407,4.5,1,1,1,0,0,0,0,dc62b55d
Diogo Dalot,pt POR,5,4,347,3.9,0,0,0,0,0,1,0,d9565625
Mikkel Damsgaard,dk DEN,5,3,285,3.2,0,0,0,0,0,0,0,215f3907
Kevin Danso,at AUT,3,3,270,3.0,0,0,0,0,0,0,0,6e33125f
Jay Dasilva,wls WAL,5,5,444,4.9,1,0,1,0,0,0,0,2a158ded
Leif Davis,eng ENG,5,5,450,5.0,2,1,2,0,0,0,0,8574c61f
Maxim De Cuyper,be BEL,5,5,424,4.7,1,2,1,0,0,2,0,d494882e
Amar Dedić,ba BIH,4,4,327,3.6,0,1,0,0,0,0,0,bc6e544a
Liam Delap,eng ENG,4,3,277,3.1,1,0,1,0,0,2,0,dd897ee7
Kiernan Dewsbury-Hall,eng ENG,5,5,448,5.0,1,0,1,0,0,1,0,5c74c0f5
Habib Diarra,sn SEN,2,0,29,0.3,0,1,0,0,0,0,0,6d0fe035
Rúben Dias,pt POR,5,5,450,5.0,0,0,0,0,0,0,0,31c69ef1
Issa Diop,ma MAR,5,5,450,5.0,0,0,0,0,0,0,0,a712ca2b
Axel Disasi,fr FRA,3,2,139,1.5,0,0,0,0,0,0,1,ad82197c
Jeremy Doku,be BEL,1,0,16,0.2,0,0,0,0,0,0,0,fffea3e5
Nicolás Domínguez,ar ARG,1,0,1,0.0,0,0,0,0,0,0,0,20b3a502
Gianluigi Donnarumma,it ITA,5,5,450,5.0,0,0,0,0,0,0,0,08f5afaa
Patrick Dorgu,dk DEN,5,2,174,1.9,0,1,0,0,0,1,0,e6536124
Max Dowman,eng ENG,1,0,10,0.1,0,0,0,0,0,0,0,9008bb70
Lewis Dunk,eng ENG,4,4,360,4.0,1,0,1,0,0,1,0,282f75f3
John Egan,ie IRL,5,5,437,4.9,0,0,0,0,0,1,0,debe38a0
Anthony Elanga,se SWE,3,3,232,2.6,2,0,2,0,0,1,0,2fba6108
Nico Elvedi,ch SUI,4,3,327,3.6,0,0,0,0,0,0,0,48035304
Julio Enciso,py PAR,5,5,413,4.6,0,2,0,0,0,1,0,9cfbad36
Evanilson,br BRA,5,5,423,4.7,0,3,0,0,0,1,0,6f3cc2fe
Milan van Ewijk,nl NED,4,4,360,4.0,0,0,0,0,0,1,0,58448fbb
Eberechi Eze,eng ENG,4,0,88,1.0,0,0,0,0,0,0,0,ae4fc6a4
Bruno Fernandes,pt POR,5,5,450,5.0,3,1,2,1,1,0,0,507c7bdf
Mateus Fernandes,pt POR,5,3,249,2.8,0,0,0,0,0,1,0,ef491564
Enzo Fernández,ar ARG,3,3,246,2.7,1,0,1,0,0,1,0,5ff4ab71
Matias Fernandez-Pardo,be BEL,3,2,158,1.8,0,0,0,0,0,0,0,0cdb6a2a
Zian Flemming,nl NED,3,0,63,0.7,1,0,1,0,0,1,0,b3f36e72
Phil Foden,eng ENG,4,3,218,2.4,0,2,0,0,0,1,1,ed1e53f3
Malick Fofana,be BEL,3,0,63,0.7,0,0,0,0,0,0,0,8236f673
Wesley Fofana,fr FRA,4,4,312,3.5,0,0,0,0,0,1,0,132a82f1
Jeremie Frimpong,nl NED,3,2,179,2.0,0,0,0,0,0,1,0,74f2e748
Darnell Furlong,eng ENG,1,0,18,0.2,0,0,0,0,0,0,0,3ec9195b
Cody Gakpo,nl NED,5,4,371,4.1,1,3,1,0,0,0,0,1971591f
Conor Gallagher,eng ENG,3,2,135,1.5,1,0,1,0,0,1,0,c2731c10
Alejandro Garnacho,ar ARG,3,0,34,0.4,0,0,0,0,0,0,0,7aa8adfe
James Garner,eng ENG,5,4,329,3.7,0,0,0,0,0,2,0,4e015693
Joe Gelhardt,eng ENG,1,0,8,0.1,0,0,0,0,0,0,0,01962d0d
Tyrique George,eng ENG,5,4,310,3.4,1,0,1,0,0,0,0,e6f7797e
Morgan Gibbs-White,eng ENG,5,5,450,5.0,1,2,0,1,1,0,0,32f60ed8
Ryan Giles,eng ENG,5,5,444,4.9,0,1,0,0,0,1,0,73b1d65b
João Gomes,br BRA,2,2,129,1.4,0,0,0,0,0,1,1,8b57ad2c
Diego Gómez,py PAR,5,5,433,4.8,0,2,0,0,0,0,0,916728da
Nicolás González,es ESP,3,3,164,1.8,0,0,0,0,0,1,0,2c56a792
Lucas Gourna-Douath,fr FRA,3,1,139,1.5,0,0,0,0,0,1,0,3cd7820a
Zavier Gozo,us USA,2,0,30,0.3,0,0,0,0,0,0,0,bc2eb719
Ryan Gravenberch,nl NED,5,2,193,2.1,0,1,0,0,0,0,0,b8e740fb
Archie Gray,eng ENG,4,3,308,3.4,0,0,0,0,0,0,0,f58515f5
Jack Grealish,eng ENG,1,0,9,0.1,0,0,0,0,0,0,0,b0b4fd3e
Jacob Greaves,eng ENG,4,4,357,4.0,0,0,0,0,0,1,0,1f169636
Matt Grimes,eng ENG,5,5,443,4.9,0,0,0,0,0,0,0,81a487b9
Pascal Groß,de GER,5,5,450,5.0,3,3,2,1,1,2,0,8aec0537
Gabriel Gudmundsson,se SWE,3,3,250,2.8,0,0,0,0,0,0,0,d5d22a58
Marc Guéhi,eng ENG,5,5,450,5.0,1,1,1,0,0,0,0,d0706b27
Evann Guessand,ci CIV,2,0,56,0.6,0,0,0,0,0,0,0,b73f17f8
Bruno Guimarães,br BRA,3,1,124,1.4,1,0,1,0,0,0,0,82518f62
Malo Gusto,fr FRA,4,3,273,3.0,0,0,0,0,0,0,0,d56b9520
Joško Gvardiol,hr CRO,5,5,434,4.8,1,2,1,0,0,1,0,5ad50391
Viktor Gyökeres,se SWE,2,0,31,0.3,0,0,0,0,0,0,0,4d5a9185
Erling Haaland,no NOR,5,5,450,5.0,5,0,5,0,0,0,0,1f44ac21
Hayden Hackney,eng ENG,5,1,140,1.6,0,1,0,0,0,0,0,ba397562
Lewis Hall,eng ENG,5,5,449,5.0,1,1,1,0,0,0,0,da011f18
Gustavo Hamer,nl NED,3,0,35,0.4,0,0,0,0,0,0,0,eebacc07
Jorrel Hato,nl NED,4,4,258,2.9,0,2,0,0,0,0,0,bde35051
Kai Havertz,de GER,5,5,437,4.9,2,0,2,0,0,1,0,fed7cb61
Ayden Heaven,eng ENG,1,1,90,1.0,0,0,0,0,0,0,0,64e17fab
Jan Paul van Hecke,nl NED,5,5,450,5.0,1,0,1,0,0,1,0,4fd08daa
Dean Henderson,eng ENG,3,3,270,3.0,0,0,0,0,0,0,0,e5a76dfe
Jordan Henderson,eng ENG,1,1,90,1.0,0,0,0,0,0,0,0,935e6b8f
Rico Henry,jm JAM,1,0,3,0.0,0,0,0,0,0,0,0,8a3c1dc7
Aaron Hickey,sct SCO,5,1,155,1.7,0,0,0,0,0,0,0,1780bb4a
James Hill,eng ENG,5,5,450,5.0,0,0,0,0,0,1,0,69942fb3
Piero Hincapié,ec ECU,2,0,33,0.4,0,0,0,0,0,0,0,0c7a48f8
Jack Hinshelwood,eng ENG,1,1,63,0.7,2,0,2,0,0,0,0,e98211e7
Lukáš Horníček,cz CZE,5,5,450,5.0,0,0,0,0,0,1,0,cc8312b4
Callum Hudson-Odoi,eng ENG,1,0,1,0.0,0,0,0,0,0,0,0,15f3ec41
Will Hughes,eng ENG,2,0,31,0.3,0,0,0,0,0,0,0,a0666d3e
Trai Hume,nir NIR,4,2,208,2.3,0,0,0,0,0,0,0,4fa3a3a4
Tim Iroegbunam,eng ENG,2,0,67,0.7,0,0,0,0,0,1,0,84c5ceea
Alexander Isak,se SWE,5,5,413,4.6,4,0,4,0,0,1,0,8e92be30
Wilson Isidor,ht HAI,5,0,121,1.3,1,0,1,0,0,0,0,a671316d
Alex Iwobi,ng NGA,5,5,408,4.5,0,0,0,0,0,0,0,6ca5ec4b
Nicolas Jackson,sn SEN,4,4,286,3.2,1,0,1,0,0,2,0,9c36ed83
Jérémy Jacquet,fr FRA,5,5,415,4.6,0,0,0,0,0,1,0,cef70c94
Jair,br BRA,4,4,360,4.0,0,0,0,0,0,2,0,ac31d35e
Daniel James,wls WAL,3,0,54,0.6,0,0,0,0,0,0,0,c931d9f9
Reece James,eng ENG,4,3,293,3.3,0,0,0,0,0,1,0,1265a93a
Vitaly Janelt,de GER,5,5,450,5.0,2,0,2,0,0,3,0,8449d35e
Daniel Jebbison,ca CAN,3,0,34,0.4,0,0,0,0,0,0,0,03edb878
Mathias Jensen,dk DEN,1,1,66,0.7,0,0,0,0,0,0,0,0f134faf
Igor Jesus,br BRA,5,2,259,2.9,1,0,1,0,0,1,0,dbe24cce
João Pedro,br BRA,4,4,360,4.0,3,3,3,0,0,1,0,e8832875
Brennan Johnson,wls WAL,5,3,240,2.7,0,0,0,0,0,1,0,0cd31129
James Justin,eng ENG,5,5,450,5.0,0,0,0,0,0,0,0,fb614c44
Ferdi Kadioglu,tr TUR,4,4,332,3.7,0,0,0,0,0,1,0,66c52a77
Arnaud Kalimuendo,fr FRA,1,0,1,0.0,0,0,0,0,0,0,0,bf4c41f9
Daichi Kamada,jp JPN,5,5,441,4.9,0,3,0,0,0,1,0,15b287da
Boubacar Kamara,fr FRA,5,5,443,4.9,0,1,0,0,0,0,0,cc77354e
Michael Kayode,it ITA,5,4,295,3.3,1,0,1,0,0,0,0,e19660a8
Caoimhín Kelleher,ie IRL,5,5,450,5.0,0,0,0,0,0,0,0,62d7ef38
Milos Kerkez,hu HUN,5,4,385,4.3,0,0,0,0,0,2,0,0ad53bdc
Kevin,br BRA,4,0,65,0.7,0,0,0,0,0,0,0,93508980
Abdukodir Khusanov,uz UZB,3,3,268,3.0,0,0,0,0,0,1,0,d17ce930
Antonín Kinský,cz CZE,5,5,450,5.0,0,0,0,0,0,0,0,b38ac6a4
Justin Kluivert,nl NED,4,4,294,3.3,1,0,1,0,0,1,0,4c3a6744
Ezri Konsa,eng ENG,4,3,282,3.1,0,0,0,0,0,0,0,0313a347
Charalampos Kostoulas,gr GRE,5,4,354,3.9,2,1,2,0,0,1,0,816010c4
Mateo Kovačić,hr CRO,2,0,44,0.5,0,0,0,0,0,0,0,79c0821a
Mohammed Kudus,gh GHA,4,0,126,1.4,0,1,0,0,0,0,0,b62878a5
Maxence Lacroix,fr FRA,5,4,365,4.1,0,1,0,0,0,1,0,277c49ed
Senne Lammens,be BEL,5,5,450,5.0,0,0,0,0,0,0,0,8e6d2fcd
Hugo Larsson,se SWE,3,0,40,0.4,0,0,0,0,0,0,0,00c9a283
Joël Latibeaudière,jm JAM,1,0,1,0.0,0,0,0,0,0,0,0,a4183553
Roméo Lavia,be BEL,4,4,258,2.9,1,0,1,0,0,1,0,ecad9aa5
Enzo Le Fée,fr FRA,5,5,438,4.9,1,1,0,1,2,0,0,6f806d99
Bernd Leno,de GER,5,5,450,5.0,0,0,0,0,0,0,0,2628fd2b
Jefferson Lerma,co COL,2,0,52,0.6,0,0,0,0,0,1,0,9b5ce51a
Rico Lewis,eng ENG,1,1,56,0.6,0,0,0,0,0,0,0,b57e066e
Keane Lewis-Potter,eng ENG,5,5,406,4.5,1,1,1,0,0,0,0,41f08ac8
Myles Lewis-Skelly,eng ENG,4,4,271,3.0,0,0,0,0,0,0,0,5dff6c28
Victor Lindelöf,se SWE,5,5,450,5.0,0,0,0,0,0,0,0,f5deef4c
Tino Livramento,eng ENG,2,0,34,0.4,0,0,0,0,0,1,0,afed6722
Sean Longstaff,eng ENG,2,0,12,0.1,0,0,0,0,0,0,0,a2b105e0
Florentino Luís,pt POR,2,0,32,0.4,0,0,0,0,0,0,0,881cd6be
Saša Lukić,rs SRB,5,5,400,4.4,0,1,0,0,0,2,0,c6e8cf1f
Ian Maatsen,nl NED,4,4,335,3.7,0,0,0,0,0,1,0,cab9634e
Alexis Mac Allister,ar ARG,5,3,308,3.4,0,0,0,0,0,1,0,83d074ff
James Maddison,eng ENG,3,0,62,0.7,0,0,0,0,0,0,0,ee38d9c5
Noni Madueke,eng ENG,2,0,24,0.3,0,0,0,0,0,0,0,bf34eebd
Daizen Maeda,jp JPN,5,3,261,2.9,0,0,0,0,0,0,0,395451fc
Gabriel Magalhães,br BRA,5,5,450,5.0,0,0,0,0,0,2,0,67ac5bb8
Harry Maguire,eng ENG,5,5,450,5.0,0,0,0,0,0,2,0,d8931174
Kobbie Mainoo,eng ENG,5,4,355,3.9,0,1,0,0,0,0,0,c6220452
Ainsley Maitland-Niles,eng ENG,3,2,177,2.0,1,0,1,0,0,0,0,e3a5814e
Reinildo Mandava,mz MOZ,4,4,359,4.0,0,0,0,0,0,2,1,c20bdcd7
Johan Manzambi,ch SUI,2,1,99,1.1,1,1,1,0,0,0,0,8fcf0e12
Omar Marmoush,eg EGY,4,4,339,3.8,0,0,0,0,0,0,0,0e0102eb
Emiliano Martínez,ar ARG,4,4,360,4.0,0,0,0,0,0,0,0,7956236f
Lisandro Martínez,ar ARG,4,4,360,4.0,0,0,0,0,0,0,0,bac46a10
Jean-Philippe Mateta,fr FRA,1,1,62,0.7,0,0,0,0,0,0,0,50e6dc35
Noussair Mazraoui,ma MAR,3,1,98,1.1,0,0,0,0,0,0,0,b74277a0
Ibrahim Mbaye,sn SEN,2,0,35,0.4,0,0,0,0,0,0,0,201b4ee4
Bryan Mbeumo,cm CMR,5,5,450,5.0,2,0,2,0,0,1,0,6afaebf2
James Mcatee,eng ENG,5,5,415,4.6,0,0,0,0,0,2,0,96593e89
Kasey McAteer,ie IRL,3,0,45,0.5,0,0,0,0,0,0,0,b2c66859
Oliver McBurnie,sct SCO,5,5,441,4.9,0,1,0,0,0,3,0,78b8ac63
John McGinn,sct SCO,5,5,434,4.8,0,2,0,0,0,2,0,90f91999
Paddy McNair,nir NIR,1,0,27,0.3,0,0,0,0,0,0,0,8ac454b5
Dwight McNeil,eng ENG,2,1,85,0.9,0,0,0,0,0,0,0,fc15fb84
Nobel Mendy,sn SEN,4,4,249,2.8,1,0,1,0,0,0,0,7e64e657
Mikel Merino,es ESP,5,0,85,0.9,0,0,0,0,0,1,0,d080ed5e
Thomas Meunier,be BEL,5,5,396,4.4,0,1,0,0,0,0,0,e162b013
Nikola Milenković,rs SRB,3,3,270,3.0,0,0,0,0,0,1,0,bee704fc
Lewis Miley,eng ENG,5,5,396,4.4,0,0,0,0,0,1,0,2c6835e5
Tyrone Mings,eng ENG,4,2,263,2.9,0,0,0,0,0,1,0,8397a50c
Óscar Mingueza,es ESP,2,0,18,0.2,0,0,0,0,0,0,0,056269d7
Tyrick Mitchell,eng ENG,5,5,419,4.7,2,0,2,0,0,0,0,5cbd1eb0
Hidemasa Morita,jp JPN,1,1,45,0.5,0,0,0,0,0,0,0,a650c75b
Cristhian Mosquera,es ESP,2,2,168,1.9,0,0,0,0,0,0,0,dc1ce4f5
Mason Mount,eng ENG,1,0,11,0.1,0,0,0,0,0,0,0,9674002f
Mykhailo Mudryk,ua UKR,1,0,17,0.2,0,0,0,0,0,0,0,049a888d
Tarik Muharemovic,ba BIH,5,5,450,5.0,0,1,0,0,0,0,0,426dda23
Nordi Mukiele,fr FRA,4,4,360,4.0,0,0,0,0,0,1,0,ac73ec79
Romaine Mundle,eng ENG,1,0,1,0.0,0,0,0,0,0,0,0,597610cd
Rodrigo Muniz,br BRA,4,0,42,0.5,0,0,0,0,0,1,0,a755db8c
Daniel Muñoz,co COL,3,2,204,2.3,0,0,0,0,0,0,0,778ef829
Murillo,br BRA,5,5,448,5.0,0,1,0,0,0,1,0,1704b0b8
Jacob Murphy,eng ENG,5,2,184,2.0,0,0,0,0,0,3,0,de112b84
Vitaliy Mykolenko,ua UKR,5,5,450,5.0,0,0,0,0,0,1,0,30d4a2e5
Iliman Ndiaye,sn SEN,3,2,205,2.3,0,0,0,0,0,0,0,5ed97752
Dan Ndoye,ch SUI,5,5,316,3.5,1,0,1,0,0,1,0,8e697a8f
Pedro Neto,pt POR,5,4,333,3.7,1,0,1,0,0,0,0,7ba2eaa9
Luca Netz,de GER,3,0,30,0.3,0,0,0,0,0,0,0,e79269bd
Rio Ngumoha,eng ENG,3,1,101,1.1,0,0,0,0,0,0,0,022eca88
Eddie Nketiah,eng ENG,4,3,175,1.9,0,1,0,0,0,0,0,a53649b7
Lukas Nmecha,de GER,4,0,68,0.8,0,1,0,0,0,0,0,0cc5f4a5
Brooke Norton-Cuffy,eng ENG,2,0,36,0.4,0,0,0,0,0,1,0,54f5b2bd
Matheus Nunes,pt POR,3,2,214,2.4,0,0,0,0,0,0,0,e6af02e0
Trey Nyoni,eng ENG,3,0,41,0.5,0,0,0,0,0,0,0,1d3b3d77
Jake O'Brien,ie IRL,2,0,17,0.2,0,0,0,0,0,0,0,25f2ef01
Luke O'Nien,eng ENG,1,1,66,0.7,0,0,0,0,0,1,0,8092d497
Matt O'Riley,dk DEN,2,0,12,0.1,0,0,0,0,0,0,0,fb495bb8
Dara O'Shea,ie IRL,5,5,450,5.0,0,0,0,0,0,0,0,1d042188
Noah Okafor,ch SUI,5,4,300,3.3,1,0,1,0,0,0,0,ca607d59
Frank Onyeka,ng NGA,4,4,314,3.5,0,0,0,0,0,0,0,2944f86f
Ibrahim Osman,gh GHA,3,0,43,0.5,0,0,0,0,0,0,0,acdfe835
William Osula,dk DEN,1,1,55,0.6,0,1,0,0,0,0,0,7b355808
Abdoul Ouattara,fr FRA,5,1,135,1.5,0,0,0,0,0,0,0,d028b5e5
Dango Ouattara,bf BFA,5,2,182,2.0,0,0,0,0,0,0,0,2f9e4435
Exequiel Palacios,ar ARG,4,3,276,3.1,0,0,0,0,0,0,0,e82adcab
Cole Palmer,eng ENG,5,5,442,4.9,2,2,2,0,0,1,0,dc7f8a28
Đorđe Petrović,rs SRB,5,5,450,5.0,0,0,0,0,0,0,0,0cf321c8
Jaden Philogene Bidace,eng ENG,2,0,54,0.6,0,0,0,0,0,0,0,19f4d211
Jordan Pickford,eng ENG,5,5,450,5.0,0,0,0,0,0,0,0,4806ec67
Ethan Pinnock,jm JAM,4,3,283,3.1,0,0,0,0,0,1,0,e541326e
Yéremy Pino,es ESP,5,4,308,3.4,0,0,0,0,0,1,0,540ec57b
Pedro Porro,es ESP,3,3,198,2.2,0,0,0,0,0,0,0,27d0a506
Jacob Ramsey,eng ENG,3,0,72,0.8,1,0,1,0,0,1,0,1544f145
Marcus Rashford,eng ENG,5,4,351,3.9,0,0,0,0,0,0,0,a1d5bd30
David Raya,es ESP,5,5,450,5.0,0,0,0,0,0,0,0,98ea5115
Vitor Reis,br BRA,1,0,2,0.0,0,0,0,0,0,0,0,c4ce0ab5
Chadi Riad,ma MAR,1,1,71,0.8,0,0,0,0,0,0,0,b3b9b8b8
Declan Rice,eng ENG,5,5,411,4.6,0,2,0,0,0,1,0,1c7012b8
Chris Richards,us USA,5,5,450,5.0,0,0,0,0,0,1,0,0a3d6d2b
Richarlison,br BRA,1,1,67,0.7,0,0,0,0,0,0,0,fa031b34
Chris Rigg,eng ENG,2,0,19,0.2,0,0,0,0,0,0,0,35741fe2
Andy Robertson,sct SCO,5,4,367,4.1,0,1,0,0,0,0,0,2e4f5f03
Antonee Robinson,us USA,5,5,429,4.8,0,0,0,0,0,0,0,289601e6
Joe Rodon,wls WAL,2,2,123,1.4,0,0,0,0,0,0,0,8d62d31a
Álvaro Rodríguez,uy URU,2,0,11,0.1,0,0,0,0,0,0,0,49a6ecbb
Robin Roefs,nl NED,5,5,450,5.0,0,0,0,0,0,0,0,349fa918
Morgan Rogers,eng ENG,5,5,437,4.9,3,1,3,0,0,1,0,2e5915f1
Merlin Röhl,de GER,3,3,249,2.8,0,0,0,0,0,1,0,1f2c7b55
Matteo Ruggeri,it ITA,3,1,115,1.3,0,0,0,0,0,0,0,ae9898c5
Carl Rushworth,eng ENG,5,5,450,5.0,0,1,0,0,0,0,0,810912d5
Georginio Rutter,fr FRA,2,1,105,1.2,0,1,0,0,0,0,0,c64c01fc
Noah Sadiki,cd COD,5,5,410,4.6,0,0,0,0,0,1,0,645481cc
Bukayo Saka,eng ENG,5,5,416,4.6,3,0,2,1,1,0,0,bc7dc64d
Tatsuhiro Sakamoto,jp JPN,1,0,32,0.4,0,0,0,0,0,0,0,5e67ea3a
Ibrahim Sangaré,ci CIV,3,1,107,1.2,0,0,0,0,0,0,0,bced0375
Mamadou Sangare,ml MLI,5,4,322,3.6,0,1,0,0,0,2,0,e50d714b
Andrey Santos,br BRA,3,1,84,0.9,0,0,0,0,0,0,0,dd745366
Ismaila Sarr,sn SEN,1,0,9,0.1,0,0,0,0,0,0,0,bfdb33aa
Sávio,br BRA,3,3,240,2.7,0,0,0,0,0,0,0,fe6e7156
Kevin Schade,de GER,5,5,447,5.0,3,0,3,0,0,0,0,52afb588
Fabian Schär,ch SUI,2,0,26,0.3,0,0,0,0,0,0,0,c8aa95da
Kjell Scherpen,nl NED,4,4,360,4.0,0,0,0,0,0,0,0,f0e4c69e
Alex Scott,eng ENG,5,5,445,4.9,1,0,1,0,0,1,0,104d0bb8
Matz Sels,be BEL,5,5,450,5.0,0,0,0,0,0,0,0,834b5c4c
Antoine Semenyo,gh GHA,5,5,450,5.0,2,3,2,0,0,0,0,efd2ec23
Marcos Senesi,ar ARG,1,1,90,1.0,0,0,0,0,0,0,0,35141f4c
Benjamin Šeško,si SVN,4,0,80,0.9,1,0,1,0,0,0,0,3260690c
Ryan Sessegnon,eng ENG,3,0,53,0.6,0,0,0,0,0,0,0,6aa3e78b
Luke Shaw,eng ENG,4,4,334,3.7,0,1,0,0,0,1,0,9c94165b
Ellis Simms,eng ENG,3,1,106,1.2,0,0,0,0,0,0,0,26d3b5be
Regan Slater,eng ENG,5,5,437,4.9,0,1,0,0,0,1,0,ba4d4908
Adam Smith,eng ENG,5,5,434,4.8,0,0,0,0,0,3,0,20b104bc
Emile Smith Rowe,eng ENG,3,0,41,0.5,0,0,0,0,0,0,0,17695062
Dominic Solanke,eng ENG,5,2,173,1.9,0,0,0,0,0,0,0,e77dc3b2
Anton Stach,de GER,5,5,447,5.0,1,0,1,0,0,0,0,0f59a7bf
Jørgen Strand Larsen,no NOR,5,3,299,3.3,1,0,1,0,0,0,0,f553b2b3
Pascal Struijk,nl NED,3,1,99,1.1,0,0,0,0,0,1,0,f4d296e4
Zion Suzuki,jp JPN,4,4,360,4.0,0,0,0,0,0,0,0,51e1f4f5
Michael Svoboda,at AUT,1,0,5,0.1,0,0,0,0,0,0,0,8abd174d
Dominik Szoboszlai,hu HUN,5,5,440,4.9,1,0,0,1,1,1,0,934e1968
Chemsdine Talbi,ma MAR,1,0,32,0.4,0,0,0,0,0,0,0,47ce793b
Ao Tanaka,jp JPN,4,3,255,2.8,0,1,0,0,0,1,0,1d36d6b6
Matt Targett,eng ENG,1,0,6,0.1,0,0,0,0,0,0,0,e514ab62
James Tarkowski,eng ENG,5,5,450,5.0,1,1,1,0,0,0,0,15ea812b
Marcus Tavernier,eng ENG,5,5,424,4.7,3,0,3,0,0,2,0,5c0da4a4
Loum Tchaouna,fr FRA,4,2,212,2.4,0,0,0,0,0,0,0,a3c8b4d3
Mathys Tel,fr FRA,4,3,258,2.9,0,0,0,0,0,0,0,829aa60c
Kenny Tete,nl NED,1,0,28,0.3,0,0,0,0,0,1,0,77d7c96f
Igor Thiago,br BRA,5,5,442,4.9,1,0,1,0,1,2,0,dc45ac24
Malick Thiaw,de GER,5,5,450,5.0,0,0,0,0,0,0,0,ff5ea0bf
Bobby Thomas,eng ENG,5,5,437,4.9,0,0,0,0,0,0,0,6a471ee8
Brandon Thomas-Asante,gh GHA,5,2,229,2.5,0,0,0,0,0,0,0,fb152f96
Youri Tielemans,be BEL,5,5,402,4.5,0,0,0,0,0,0,0,56f7a928
Jurriën Timber,nl NED,2,1,104,1.2,0,0,0,0,0,0,0,41034650
Quinten Timber,nl NED,3,3,253,2.8,0,0,0,0,0,0,0,803e7aca
Takehiro Tomiyasu,jp JPN,4,2,192,2.1,0,0,0,0,0,0,0,b3af9be1
Sandro Tonali,it ITA,5,5,427,4.7,0,0,0,0,0,0,0,0db169ae
Victor Torp,dk DEN,3,0,56,0.6,0,0,0,0,0,0,0,e8cc2cbb
Pau Torres,es ESP,3,3,187,2.1,0,0,0,0,0,0,0,532e1e4f
Bazoumana Touré,ci CIV,3,0,52,0.6,1,0,1,0,0,0,0,93945a50
James Trafford,eng ENG,5,5,450,5.0,0,0,0,0,0,0,0,259fea27
Adrien Truffert,fr FRA,5,5,450,5.0,0,0,0,0,0,1,0,5d0e0a1f
Kostas Tsimikas,gr GRE,2,1,65,0.7,0,0,0,0,0,0,0,f315ca93
Christos Tzolis,gr GRE,5,5,362,4.0,0,1,0,0,0,2,0,9f333379
Destiny Udogie,it ITA,3,1,88,1.0,0,0,0,0,0,1,0,7cd520e8
Virgil van Dijk,nl NED,5,5,450,5.0,0,0,0,0,0,1,0,e06683ca
Micky van de Ven,nl NED,4,4,360,4.0,0,0,0,0,0,1,0,8fe2a392
Bart Verbruggen,nl NED,5,5,450,5.0,0,0,0,0,0,0,0,cf134113
Christian Walton,eng ENG,1,1,90,1.0,0,0,0,0,0,0,0,c666574f
Aaron Wan-Bissaka,cd COD,4,2,154,1.7,0,0,0,0,0,0,0,9e525177
Danny Welbeck,eng ENG,3,1,87,1.0,0,0,0,0,0,0,0,ce5143da
Adam Wharton,eng ENG,5,5,436,4.8,0,0,0,0,0,1,0,4b542852
Ben White,eng ENG,4,4,315,3.5,0,1,0,0,0,0,0,35e413f1
Mats Wieffer,nl NED,2,2,156,1.7,0,0,0,0,0,0,0,4876c9ab
Neco Williams,wls WAL,5,5,450,5.0,0,0,0,0,0,0,0,dd323728
Joe Willock,eng ENG,5,3,286,3.2,2,0,2,0,0,0,0,a3b03921
Callum Wilson,eng ENG,3,0,16,0.2,0,0,0,0,0,0,0,c596fcb0
Harry Wilson,wls WAL,4,1,147,1.6,0,0,0,0,0,1,0,c6dc9ecd
Florian Wirtz,de GER,5,5,401,4.5,0,1,0,0,0,1,0,e7fcf289
Yoane Wissa,cd COD,5,5,440,4.9,1,1,1,0,1,2,0,2500cef9
Chris Wood,nz NZL,4,0,65,0.7,0,0,0,0,0,0,0,4e9a0555
Granit Xhaka,ch SUI,5,5,450,5.0,0,0,0,0,0,2,0,e61b8aee
Malick Yalcouye,ci CIV,5,3,237,2.6,2,0,2,0,0,0,0,e295402e
Leny Yoro,fr FRA,2,0,24,0.3,0,0,0,0,0,0,0,6763f716
Joshua Zirkzee,nl NED,2,0,22,0.2,0,0,0,0,0,0,0,028e70b9
Martín Zubimendi,es ESP,5,0,94,1.0,0,0,0,0,0,0,0,3ee0dd59
Martin Ødegaard,no NOR,5,5,378,4.2,2,0,2,0,0,0,0,79300479
